{
	"info": {
		"_postman_id": "b426a9b2-8a55-43ea-b7e1-07294b02dec4",
		"name": "eGalaxySBCart",
		"schema": "https://schema.getpostman.com/json/collection/v2.1.0/collection.json"
	},
	"item": [
		{
			"name": "GET CARTS",
			"request": {
				"method": "GET",
				"header": [],
				"url": {
					"raw": "http://localhost:9999/eGalaxy/api/carts",
					"protocol": "http",
					"host": [
						"localhost"
					],
					"port": "9999",
					"path": [
						"eGalaxy",
						"api",
						"carts"
					]
				}
			},
			"response": []
		},
		{
			"name": "GET CART",
			"request": {
				"method": "GET",
				"header": [],
				"url": {
					"raw": "http://localhost:9999/eGalaxy/api/carts/0",
					"protocol": "http",
					"host": [
						"localhost"
					],
					"port": "9999",
					"path": [
						"eGalaxy",
						"api",
						"carts",
						"0"
					]
				}
			},
			"response": []
		},
		{
			"name": "POST CART 1",
			"request": {
				"method": "POST",
				"header": [],
				"body": {
					"mode": "raw",
					"raw": "{\r\n\t\"courseId\": \"1\",\r\n\t\"courseName\": \"Spring Boot\",\r\n\t\"courseDescription\": \"Beginner to Master\"\r\n}",
					"options": {
						"raw": {
							"language": "json"
						}
					}
				},
				"url": {
					"raw": "http://localhost:9999/eGalaxy/api/carts",
					"protocol": "http",
					"host": [
						"localhost"
					],
					"port": "9999",
					"path": [
						"eGalaxy",
						"api",
						"carts"
					]
				}
			},
			"response": []
		},
		{
			"name": "POST CART 2",
			"request": {
				"method": "POST",
				"header": [],
				"body": {
					"mode": "raw",
					"raw": "{\r\n\t\"courseId\": \"2\",\r\n\t\"courseName\": \"Hibernate\",\r\n\t\"courseDescription\": \"Complete Guider\"\r\n}",
					"options": {
						"raw": {
							"language": "json"
						}
					}
				},
				"url": {
					"raw": "http://localhost:9999/eGalaxy/api/carts",
					"protocol": "http",
					"host": [
						"localhost"
					],
					"port": "9999",
					"path": [
						"eGalaxy",
						"api",
						"carts"
					]
				}
			},
			"response": []
		},
		{
			"name": "POST CART 3",
			"request": {
				"method": "POST",
				"header": [],
				"body": {
					"mode": "raw",
					"raw": "{\r\n\t\"courseId\": \"3\",\r\n\t\"courseName\": \"Angular\",\r\n\t\"courseDescription\": \"From scratch\"\r\n}",
					"options": {
						"raw": {
							"language": "json"
						}
					}
				},
				"url": {
					"raw": "http://localhost:9999/eGalaxy/api/carts",
					"protocol": "http",
					"host": [
						"localhost"
					],
					"port": "9999",
					"path": [
						"eGalaxy",
						"api",
						"carts"
					]
				}
			},
			"response": []
		},
		{
			"name": "DELETE CART",
			"request": {
				"method": "DELETE",
				"header": [],
				"url": {
					"raw": "http://localhost:9999/eGalaxy/api/carts/14",
					"protocol": "http",
					"host": [
						"localhost"
					],
					"port": "9999",
					"path": [
						"eGalaxy",
						"api",
						"carts",
						"14"
					]
				}
			},
			"response": []
		}
	],
	"protocolProfileBehavior": {}
}