{
	"info": {
		"_postman_id": "a5ec76a9-d05e-4db3-aac6-284d3f45e728",
		"name": "eGalaxySBCourse",
		"schema": "https://schema.getpostman.com/json/collection/v2.1.0/collection.json"
	},
	"item": [
		{
			"name": "GET Courses",
			"request": {
				"method": "GET",
				"header": [],
				"url": {
					"raw": "http://localhost:9999/eGalaxy/api/courses",
					"protocol": "http",
					"host": [
						"localhost"
					],
					"port": "9999",
					"path": [
						"eGalaxy",
						"api",
						"courses"
					]
				}
			},
			"response": []
		},
		{
			"name": "GET Course",
			"request": {
				"method": "GET",
				"header": [],
				"url": {
					"raw": "http://localhost:9999/eGalaxy/api/courses",
					"protocol": "http",
					"host": [
						"localhost"
					],
					"port": "9999",
					"path": [
						"eGalaxy",
						"api",
						"courses"
					]
				}
			},
			"response": []
		},
		{
			"name": "POST  Course 1",
			"request": {
				"method": "POST",
				"header": [],
				"body": {
					"mode": "raw",
					"raw": ""
				},
				"url": {
					"raw": "http://localhost:9999/eGalaxy/api/courses",
					"protocol": "http",
					"host": [
						"localhost"
					],
					"port": "9999",
					"path": [
						"eGalaxy",
						"api",
						"courses"
					]
				}
			},
			"response": []
		},
		{
			"name": "POST Course 2",
			"request": {
				"method": "POST",
				"header": [],
				"url": {
					"raw": "http://localhost:9999/eGalaxy/api/courses",
					"protocol": "http",
					"host": [
						"localhost"
					],
					"port": "9999",
					"path": [
						"eGalaxy",
						"api",
						"courses"
					]
				}
			},
			"response": []
		},
		{
			"name": "POST Course 3",
			"request": {
				"method": "POST",
				"header": [],
				"url": {
					"raw": "http://localhost:9999/eGalaxy/api/courses/",
					"protocol": "http",
					"host": [
						"localhost"
					],
					"port": "9999",
					"path": [
						"eGalaxy",
						"api",
						"courses",
						""
					]
				}
			},
			"response": []
		},
		{
			"name": "DELETE Course",
			"request": {
				"method": "DELETE",
				"header": [],
				"url": {
					"raw": "http://localhost:9999/eGalaxy/api/courses/1",
					"protocol": "http",
					"host": [
						"localhost"
					],
					"port": "9999",
					"path": [
						"eGalaxy",
						"api",
						"courses",
						"1"
					]
				}
			},
			"response": []
		},
		{
			"name": "UPDATE Course ",
			"request": {
				"method": "PUT",
				"header": [],
				"url": {
					"raw": "http://localhost:9999/eGalaxy/api/courses/",
					"protocol": "http",
					"host": [
						"localhost"
					],
					"port": "9999",
					"path": [
						"eGalaxy",
						"api",
						"courses",
						""
					]
				}
			},
			"response": []
		}
	],
	"protocolProfileBehavior": {}
}